Player,Pos,FantasyPts,Att,Cmp,Yds,PassTD,Int,2Pt,RushAtt,RushYds,RushTDs,2Pt,Rec,RecYds,RecTD,2Pt,FL,TD,CalcFantasyPoints
"Aaron Rodgers, GB",QB,449,610,401,"4,428",40,7,1,67,369,4,1,0,0,0,0,4,0,441.88
"Matt Ryan, Atl",QB,412,534,373,"4,944",38,7,1,35,117,0,1,0,0,0,0,2,0,416.44
"Drew Brees, NO",QB,401,673,471,"5,208",37,15,0,23,20,2,0,0,0,0,0,4,0,413.12
"Andrew Luck, Ind",QB,364,545,346,"4,240",31,13,2,64,341,2,0,0,0,0,0,5,0,355.24
"Kirk Cousins, Was",QB,343,606,406,"4,917",25,12,0,34,96,4,0,0,0,0,0,3,0,350.52
"Philip Rivers, SD",QB,321,578,349,"4,386",33,21,0,14,35,0,0,0,0,0,0,5,0,332.84
"Dak Prescott, Dal",QB,321,459,311,"3,667",23,4,0,57,282,6,0,0,0,0,0,4,0,323.96
"Matthew Stafford, Det",QB,317,594,388,"4,327",24,10,1,37,207,2,0,0,0,0,0,2,0,317.36
"Derek Carr, Oak",QB,316,560,357,"3,937",28,6,5,39,70,0,0,0,0,0,0,3,0,317.08
"Blake Bortles, Jax",QB,311,625,368,"3,905",23,16,1,58,359,3,1,1,20,1,0,6,0,300.56
"Tom Brady, NE",QB,307,432,291,"3,554",28,2,1,28,64,0,0,0,0,0,0,0,0,308.72
"Ben Roethlisberger, Pit",QB,306,509,328,"3,819",29,13,3,16,14,1,0,0,0,0,0,2,0,307.32
"Jameis Winston, TB",QB,305,567,345,"4,090",28,18,3,53,165,1,0,0,0,0,0,6,0,308.2
"Marcus Mariota, Ten",QB,304,451,276,"3,426",26,9,0,60,349,2,0,0,0,0,0,5,0,301.56
"Russell Wilson, Sea",QB,300,546,353,"4,219",21,11,1,72,259,1,0,2,14,1,0,2,0,295.12
"Tyrod Taylor, Buf",QB,290,436,269,"3,023",17,6,1,95,580,6,1,0,0,0,0,2,0,270.12
"Carson Palmer, Ari",QB,290,597,364,"4,233",26,14,1,14,38,0,0,0,0,0,0,4,0,298.84
"Andy Dalton, Cin",QB,289,563,364,"4,206",18,8,0,46,184,4,0,0,0,0,0,3,0,291.6
"Cam Newton, Car",QB,281,510,270,"3,509",19,14,1,90,359,5,1,0,0,0,0,2,0,270.72
"Eli Manning, NYG",QB,274,598,377,"4,027",26,16,0,21,-9,0,0,0,0,0,0,4,0,284.72
"Joe Flacco, Bal",QB,274,672,436,"4,317",20,15,4,21,58,2,0,0,0,0,0,3,0,277.2
"Sam Bradford, Min",QB,255,552,395,"3,877",20,5,0,20,53,0,0,1,5,0,0,5,0,267.32
"Alex Smith, KC",QB,246,489,328,"3,502",15,8,2,48,134,5,0,1,3,0,0,4,0,249.72
"Carson Wentz, Phi",QB,237,607,379,"3,782",16,14,1,46,150,2,1,1,7,0,0,3,0,237.28
"Colin Kaepernick, SF",QB,226,331,196,"2,241",16,4,0,69,468,2,1,0,0,0,0,3,0,208.36
"Trevor Siemian, Den",QB,223,486,289,"3,401",18,10,1,28,57,0,0,0,0,0,0,2,0,226.32
"Ryan Tannehill, Mia",QB,221,389,261,"2,995",19,12,1,39,164,1,0,0,0,0,0,3,0,221.8
"Brock Osweiler, Hou",QB,190,510,301,"2,957",15,16,0,30,131,2,0,1,-14,0,0,1,0,193.52
"Ryan Fitzpatrick, NYJ",QB,147,403,228,"2,710",12,17,0,33,130,0,0,0,0,0,0,1,0,151.6
"Case Keenum, LA",QB,122,322,196,"2,201",9,11,0,20,51,1,0,0,0,0,0,1,0,128.08
"Brian Hoyer, Chi",QB,90,200,134,"1,445",6,0,0,7,-2,0,0,0,0,0,0,1,0,93.72
"Cody Kessler, Cle",QB,85,195,128,"1,380",6,2,1,11,18,0,0,0,0,0,0,1,0,88
"Matt Barkley, Chi",QB,85,216,129,"1,611",8,14,0,7,2,0,0,1,2,1,0,2,0,89.88
"Blaine Gabbert, SF",QB,79,160,91,925,5,6,0,40,173,2,0,1,-16,0,0,0,0,73.92
"Matt Moore, Mia",QB,69,87,55,721,8,3,0,1,-1,0,0,0,0,0,0,0,0,70.8
"Robert Griffin III, Cle",QB,67,147,87,886,2,3,0,31,190,2,0,0,0,0,0,1,0,61.04
"Josh McCown, Cle",QB,65,165,90,"1,100",6,6,1,7,21,0,0,0,0,0,0,4,0,68.84
"Jared Goff, LA",QB,61,205,112,"1,089",5,7,0,8,16,1,0,0,0,0,0,2,0,66.2
"Jay Cutler, Chi",QB,54,137,81,"1,059",4,5,0,5,24,0,0,0,0,0,0,2,0,57.44
"Jimmy Garoppolo, NE",QB,43,63,43,502,4,0,0,10,6,0,0,1,3,0,0,1,0,44.32
"Landry Jones, Pit",QB,42,86,53,558,4,2,0,6,-4,0,0,0,0,0,0,0,0,42.16
"Bryce Petty, NYJ",QB,36,133,75,809,3,7,0,5,19,0,1,0,0,0,0,1,0,37.12
"Nick Foles, KC",QB,33,55,36,410,3,0,0,4,-4,0,0,0,0,0,0,0,0,34.24
"Paxton Lynch, Den",QB,30,83,49,497,2,1,0,11,25,0,0,0,0,0,0,0,0,30.88
"Jacoby Brissett, NE",QB,27,55,34,400,0,0,0,16,83,1,0,0,0,0,0,1,0,25.32
"Derek Anderson, Car",QB,20,53,36,453,2,5,1,1,4,0,0,0,0,0,0,1,0,20.28
"Tom Savage, Hou",QB,18,73,46,461,0,0,0,6,12,0,0,0,0,0,0,1,0,18.92
"Matt Cassel, Ten",QB,18,51,30,284,2,2,0,4,3,0,0,0,0,0,0,0,0,19.48
"Kevin Hogan, Cle",QB,16,26,14,104,0,2,0,8,105,1,0,0,0,0,0,0,0,10.36
"Charlie Whitehurst, Cle",QB,11,24,14,182,1,1,0,2,1,0,0,0,0,0,0,0,0,11.32
"Drew Stanton, Ari",QB,11,48,19,192,2,3,0,3,-3,0,0,0,0,0,0,0,0,13.56
"Mike Glennon, TB",QB,11,11,10,75,1,0,1,0,0,0,0,0,0,0,0,0,0,9
"Scott Tolzien, Ind",QB,10,37,23,216,1,2,0,6,3,0,0,0,0,0,0,0,0,10.76
"Shaun Hill, Min",QB,9,35,19,242,0,0,0,5,5,0,0,0,0,0,0,0,0,9.88
"Connor Cook, Oak",QB,9,21,14,150,1,1,0,0,0,0,0,0,0,0,0,1,0,10
"Geno Smith, NYJ",QB,8,14,8,126,1,1,0,2,9,0,0,0,0,0,0,0,0,9.4
"Trevone Boykin, Sea",QB,8,18,13,145,1,1,0,8,1,0,0,0,0,0,0,0,0,9.84
"Tony Romo, Dal",QB,7,4,3,29,1,0,0,0,0,0,0,0,0,0,0,0,0,7.16
"E.J. Manuel, Buf",QB,6,26,11,131,0,0,1,8,22,0,0,0,0,0,0,1,0,6.12
"Matt McGloin, Oak",QB,1,15,8,50,0,0,0,3,-3,0,0,0,0,0,0,0,0,1.88
"Cardale Jones, Buf",QB,1,11,6,96,0,1,0,1,-1,0,0,0,0,0,0,0,0,1.92
"David Johnson, Ari",RB,316,0,0,0,0,0,0,293,"1,239",16,0,80,879,4,1,3,0,280.2
"Ezekiel Elliott, Dal",RB,281,0,0,0,0,0,0,322,"1,631",15,0,32,363,1,0,1,0,294.7
"LeSean McCoy, Buf",RB,238,0,0,0,0,0,0,234,"1,267",13,1,50,356,1,0,0,0,248.4
"DeMarco Murray, Ten",RB,232,2,1,10,1,0,0,293,"1,287",9,0,53,377,3,0,1,0,269.3
"Le'Veon Bell, Pit",RB,232,1,0,0,0,0,0,261,"1,268",7,0,75,616,2,1,1,0,184.6
"LeGarrette Blount, NE",RB,219,0,0,0,0,0,0,299,"1,161",18,0,7,38,0,0,1,0,270.3
"Devonta Freeman, Atl",RB,217,0,0,0,0,0,0,227,"1,079",11,0,54,462,2,0,1,0,227.8
"Melvin Gordon, SD",RB,201,0,0,0,0,0,0,254,997,10,0,41,419,2,0,2,0,201.5
"Jordan Howard, Chi",RB,190,0,0,0,0,0,0,252,"1,313",6,0,29,298,1,0,1,0,205.2
"Mark Ingram, NO",RB,183,0,0,0,0,0,0,205,"1,043",6,2,46,319,4,0,2,0,179.4
"Jay Ajayi, Mia",RB,178,0,0,0,0,0,0,260,"1,272",8,0,27,151,0,0,1,0,201.6
"Latavius Murray, Oak",RB,165,0,0,0,0,0,0,195,788,12,0,33,264,0,0,1,0,178.5
"Frank Gore, Ind",RB,165,0,0,0,0,0,0,263,"1,025",4,0,38,277,4,0,1,0,166.8
"Carlos Hyde, SF",RB,157,0,0,0,0,0,0,217,988,6,1,27,163,3,0,3,0,184.7
"Isaiah Crowell, Cle",RB,155,0,0,0,0,0,0,198,952,7,0,40,319,0,0,2,0,181.9
"Spencer Ware, KC",RB,150,0,0,0,0,0,0,214,921,3,0,33,447,2,0,3,0,140.9
"Lamar Miller, Hou",RB,149,0,0,0,0,0,0,268,"1,073",5,0,31,188,1,0,1,0,185.4
"Tevin Coleman, Atl",RB,148,0,0,0,0,0,0,118,520,8,0,31,421,3,0,0,0,135.4
"Jeremy Hill, Cin",RB,147,0,0,0,0,0,0,222,839,9,0,21,174,0,0,0,0,170.6
"Todd Gurley, LA",RB,142,0,0,0,0,0,0,278,885,6,0,43,327,0,0,1,0,150.8
"Matt Forte, NYJ",RB,142,0,0,0,0,0,0,218,813,7,0,30,263,1,0,1,0,135.3
"Jonathan Stewart, Car",RB,131,0,0,0,0,0,0,218,824,9,0,8,60,0,0,2,0,175.2
"Bilal Powell, NYJ",RB,129,0,0,0,0,0,0,131,722,3,0,58,388,2,0,1,0,113.7
"Ryan Mathews, Phi",RB,127,0,0,0,0,0,0,155,661,8,2,13,115,1,0,2,0,143.7
"Terrance West, Bal",RB,124,0,0,0,0,0,0,193,774,5,0,34,236,1,0,0,0,118.4
"Mike Gillislee, Buf",RB,111,0,0,0,0,0,0,101,577,8,0,9,50,1,0,0,0,119.9
"Rob Kelley, Was",RB,110,0,0,0,0,0,0,168,704,6,0,12,82,1,0,0,0,123.1
"Christine Michael, Sea",RB,106,0,0,0,0,0,0,148,583,7,0,22,107,1,0,1,0,132.8
"Devontae Booker, Den",RB,101,0,0,0,0,0,0,174,612,4,0,31,265,1,0,3,0,128.3
"Theo Riddick, Det",RB,99,0,0,0,0,0,0,92,357,1,0,53,371,5,0,0,0,114.4
"Darren Sproles, Phi",RB,97,0,0,0,0,0,0,94,438,2,0,52,427,2,0,0,0,93.3
"Jerick McKinnon, Min",RB,95,1,0,0,0,0,0,159,539,2,1,43,255,2,0,0,0,98
"Rashad Jennings, NYG",RB,92,0,0,0,0,0,0,181,593,3,0,35,201,1,0,0,0,103.3
"Tim Hightower, NO",RB,92,0,0,0,0,0,0,133,548,4,0,22,200,1,0,0,0,139.9
"James White, NE",RB,91,0,0,0,0,0,0,39,166,0,0,60,551,5,0,0,0,72.9
"Matt Asiata, Min",RB,91,0,0,0,0,0,0,121,402,6,0,32,263,0,0,1,0,111.1
"Chris Thompson, Was",RB,87,0,0,0,0,0,0,68,356,3,0,49,349,2,0,1,0,79.3
"Derrick Henry, Ten",RB,85,0,0,0,0,0,0,110,490,5,0,13,137,0,0,0,0,91.8
"C.J. Anderson, Den",RB,80,0,0,0,0,0,0,110,437,4,0,16,128,1,0,0,0,125.1
"Duke Johnson, Cle",RB,79,1,0,0,0,0,0,73,358,1,0,53,514,0,0,1,0,53.6
"DeAngelo Williams, Pit",RB,77,0,0,0,0,0,0,98,343,4,0,18,118,2,0,0,0,89.7
"Jalen Richard, Oak",RB,77,0,0,0,0,0,0,83,491,1,0,29,194,2,0,0,0,98.3
"T.J. Yeldon, Jax",RB,76,0,0,0,0,0,0,130,465,1,0,50,312,1,0,1,0,92.1
"Giovani Bernard, Cin",RB,75,0,0,0,0,0,0,91,337,2,0,39,336,1,0,1,0,69.6
"Robert Turbin, Ind",RB,73,0,0,0,0,0,0,47,164,7,0,26,179,1,0,0,0,90.7
"Shaun Draughn, SF",RB,73,0,0,0,0,0,0,74,196,4,0,29,263,2,0,1,0,65.4
"Jacquizz Rodgers, TB",RB,68,0,0,0,0,0,0,129,560,2,0,13,98,0,0,0,0,86.6
"Chris Ivory, Jax",RB,68,0,0,0,0,0,0,117,439,3,0,20,186,0,0,3,0,81.5
"Zach Zenner, Det",RB,67,0,0,0,0,0,0,88,334,4,0,18,196,0,0,1,0,70.8
"Doug Martin, TB",RB,67,0,0,0,0,0,0,144,421,3,0,14,134,0,0,1,0,76.3
"Kenneth Dixon, Bal",RB,65,0,0,0,0,0,0,88,382,2,0,30,162,1,0,0,0,63.5
"Matt Jones, Was",RB,64,0,0,0,0,0,0,99,460,3,0,8,73,0,0,2,0,88.9
"Damien Williams, Mia",RB,60,0,0,0,0,0,0,35,115,3,0,23,249,3,0,1,0,59
"DeAndre Washington, Oak",RB,59,0,0,0,0,0,0,87,467,2,0,17,115,0,0,1,0,68.3
"Thomas Rawls, Sea",RB,56,0,0,0,0,0,0,109,349,3,0,13,96,0,0,0,0,71.7
"Charcandrick West, KC",RB,55,0,0,0,0,0,0,88,293,1,0,28,188,2,0,0,0,63.5
"Paul Perkins, NYG",RB,51,0,0,0,0,0,0,112,456,0,0,15,162,0,0,0,0,60.1
"Rex Burkhead, Cin",RB,51,0,0,0,0,0,0,74,344,2,0,17,145,0,0,1,0,60.6
"Jeremy Langford, Chi",RB,47,0,0,0,0,0,0,62,200,4,0,19,142,0,0,2,0,72.1
"Travaris Cadet, NO",RB,47,0,0,0,0,0,0,4,19,0,0,40,281,4,0,0,0,29.9
"Alfred Blue, Hou",RB,43,0,0,0,0,0,0,100,420,1,0,12,40,0,0,1,0,70.7
"Jamize Olawale, Oak",RB,41,0,0,0,0,0,0,17,47,2,0,12,227,1,0,0,0,43.5
"C.J. Prosise, Sea",RB,39,0,0,0,0,0,0,30,172,1,0,17,208,0,0,0,0,45.8
"Fozzy Whittaker, Car",RB,38,0,0,0,0,0,0,57,265,0,0,25,226,0,0,1,0,45.5
"Charles Sims, TB",RB,38,0,0,0,0,0,0,51,149,1,0,24,190,1,0,1,0,32.4
"Wendell Smallwood, Phi",RB,36,0,0,0,0,0,0,77,312,1,0,6,55,0,0,1,0,40
"Eddie Lacy, GB",RB,36,0,0,0,0,0,0,71,360,0,0,4,28,0,0,0,0,44.5
"Justin Forsett, Den",RB,36,0,0,0,0,0,0,87,291,1,0,20,85,0,0,1,0,48.5
"James Starks, GB",RB,33,0,0,0,0,0,0,63,145,0,0,19,134,2,0,0,0,33.5
"John Kuhn, NO",RB,32,0,0,0,0,0,0,18,37,4,0,16,70,1,0,0,0,39.9
"Dwayne Washington, Det",RB,31,0,0,0,0,0,0,90,265,1,0,10,62,0,0,0,0,37.1
"Aaron Ripkowski, GB",RB,31,0,0,0,0,0,0,34,150,2,0,9,46,1,0,0,0,34.1
"Alfred Morris, Dal",RB,31,0,0,0,0,0,0,69,243,2,0,3,11,0,0,0,0,45.7
"Dion Lewis, NE",RB,31,0,0,0,0,0,0,64,283,0,0,17,94,0,0,0,0,54.9
"Kyle Juszczyk, Bal",RB,30,0,0,0,0,0,0,5,22,1,0,37,266,0,1,0,0,11.7
"Corey Grant, Jax",RB,29,0,0,0,0,0,0,32,164,1,0,4,35,1,0,0,0,29
"Kerwynn Williams, Ari",RB,27,0,0,0,0,0,0,18,157,2,0,1,6,0,0,0,0,32.3
"Kenyan Drake, Mia",RB,26,0,0,0,0,0,0,33,179,2,0,9,46,0,0,0,0,32.7
"Peyton Barber, TB",RB,26,0,0,0,0,0,0,55,223,1,0,5,28,0,0,0,0,29.4
"Cameron Artis-Payne, Car",RB,26,0,0,0,0,0,0,36,144,2,0,1,11,0,0,0,0,35.8
"Shane Vereen, NYG",RB,25,0,0,0,0,0,0,33,158,1,0,11,94,0,0,2,0,33.3
"DuJuan Harris, SF",RB,24,0,0,0,0,0,0,38,138,0,0,8,115,1,0,2,0,24
"Kenjon Barner, Phi",RB,24,0,0,0,0,0,0,27,129,2,0,5,42,0,0,0,0,26.1
"Orleans Darkwa, NYG",RB,22,0,0,0,0,0,0,30,111,2,0,2,12,0,0,0,0,30.6
"Kapri Bibbs, Den",RB,22,0,0,0,0,0,0,29,129,0,0,2,75,1,0,0,0,27.3
"Alex Collins, Sea",RB,20,0,0,0,0,0,0,31,125,1,0,11,84,0,0,1,0,24.2
"Ameer Abdullah, Det",RB,20,0,0,0,0,0,0,18,101,0,0,5,57,1,0,0,0,19.6
"Danny Woodhead, SD",RB,19,0,0,0,0,0,0,19,116,0,0,6,35,1,0,0,0,24.8
"Mike Tolbert, Car",RB,19,0,0,0,0,0,0,35,114,0,0,10,72,1,0,0,0,26.7
"Ronnie Hillman, Min",RB,19,0,0,0,0,0,0,41,131,0,0,7,93,0,0,0,0,20.1
"Kenneth Farrow, SD",RB,19,0,0,0,0,0,0,60,192,0,0,13,70,0,0,1,0,34.5
"Bobby Rainey, NYG",RB,17,0,0,0,0,0,0,17,63,0,0,20,153,0,0,1,0,18.5
"Lance Dunbar, Dal",RB,17,0,0,0,0,0,0,9,31,1,0,16,122,0,0,0,0,18.1
"Reggie Bush, Buf",RB,16,0,0,0,0,0,0,12,-3,1,0,7,90,0,1,0,0,6.8
"Terron Ward, Atl",RB,15,0,0,0,0,0,0,31,151,0,0,1,11,0,0,0,0,32.5
"Chris Johnson, Ari",RB,14,0,0,0,0,0,0,25,95,1,0,0,0,0,0,0,0,24.9
"Jonathan Grimes, Hou",RB,14,0,0,0,0,0,0,23,105,0,0,13,94,0,0,0,0,10.3
"Mack Brown, Was",RB,14,0,0,0,0,0,0,8,82,1,0,1,-2,0,0,0,0,23.3
"Benny Cunningham, LA",RB,13,0,0,0,0,0,0,21,101,0,0,16,91,0,0,0,0,135.8
"Jordy Nelson, GB",WR,201,0,0,0,0,0,0,0,0,0,0,97,"1,257",14,0,1,0,216.1
"Mike Evans, TB",WR,200,0,0,0,0,0,0,0,0,0,0,96,"1,321",12,2,0,0,200.4
"Antonio Brown, Pit",WR,193,0,0,0,0,0,0,3,9,0,0,106,"1,284",12,0,0,0,209.6
"Odell Beckham Jr., NYG",WR,189,0,0,0,0,0,0,1,9,0,0,101,"1,367",10,0,1,0,205.7
"T.Y. Hilton, Ind",WR,176,0,0,0,0,0,0,0,0,0,0,91,"1,448",6,1,0,0,176.9
"Julio Jones, Atl",WR,170,0,0,0,0,0,0,0,0,0,0,83,"1,409",6,0,0,0,135.7
"Davante Adams, GB",WR,167,0,0,0,0,0,0,0,0,0,0,75,997,12,1,1,0,185.7
"Michael Thomas, NO",WR,159,0,0,0,0,0,0,0,0,0,0,92,"1,137",9,0,2,0,171.3
"Brandin Cooks, NO",WR,159,0,0,0,0,0,0,6,30,0,0,78,"1,173",8,0,0,0,163.8
"Doug Baldwin, Sea",WR,154,1,1,15,1,0,0,3,2,0,0,94,"1,128",7,0,0,0,150
"Michael Crabtree, Oak",WR,144,0,0,0,0,0,0,0,0,0,0,89,"1,003",8,1,0,0,153.9
"Tyrell Williams, SD",WR,142,0,0,0,0,0,0,0,0,0,0,69,"1,059",7,0,0,0,136.5
"Rishard Matthews, Ten",WR,142,0,0,0,0,0,0,0,0,0,0,65,945,9,0,1,0,169.3
"Amari Cooper, Oak",WR,139,0,0,0,0,0,0,1,0,0,0,83,"1,153",5,2,0,0,138.3
"Demaryius Thomas, Den",WR,132,0,0,0,0,0,0,0,0,0,0,90,"1,083",5,1,2,0,132.3
"Larry Fitzgerald, Ari",WR,132,1,0,0,0,0,0,2,5,0,0,107,"1,023",6,0,1,0,150.1
"Jarvis Landry, Mia",WR,130,1,0,0,0,0,0,5,17,0,0,94,"1,136",4,1,2,0,105.3
"Dez Bryant, Dal",WR,129,1,1,10,1,0,0,0,0,0,0,50,796,8,0,1,0,149.1
"Kelvin Benjamin, Car",WR,129,0,0,0,0,0,0,0,0,0,0,63,941,7,0,1,0,142.7
"Terrelle Pryor, Cle",WR,127,9,5,41,0,0,0,8,21,1,0,77,"1,007",4,1,0,0,95.5
"Tyreek Hill, KC",WR,127,0,0,0,0,0,0,24,267,3,0,61,593,6,0,1,0,188.4
"Golden Tate, Det",WR,125,0,0,0,0,0,0,10,4,0,0,91,"1,077",4,1,1,0,127.6
"Emmanuel Sanders, Den",WR,125,0,0,0,0,0,0,1,4,0,0,79,"1,032",5,0,0,0,132.1
"Mike Wallace, Bal",WR,124,0,0,0,0,0,0,5,31,0,0,72,"1,017",4,1,0,0,137.7
"Julian Edelman, NE",WR,124,0,0,0,0,0,0,12,57,0,0,98,"1,106",3,1,2,0,123.9
"Kenny Britt, LA",WR,122,0,0,0,0,0,0,0,0,0,0,68,"1,002",5,0,1,0,126.7
"Adam Thielen, Min",WR,121,0,0,0,0,0,0,2,15,0,0,69,967,5,0,1,0,104.1
"Kenny Stills, Mia",WR,121,0,0,0,0,0,0,0,0,0,0,42,726,9,0,0,0,142.3
"Allen Robinson, Jax",WR,118,0,0,0,0,0,0,0,0,0,0,73,883,6,1,0,0,136.5
"DeSean Jackson, Was",WR,118,0,0,0,0,0,0,0,0,0,0,56,"1,005",4,0,0,0,108.7
"Jamison Crowder, Was",WR,117,0,0,0,0,0,0,2,-2,0,0,67,847,7,0,1,0,138.2
"A.J. Green, Cin",WR,116,0,0,0,0,0,0,0,0,0,0,66,964,4,0,0,0,110.2
"Brandon LaFell, Cin",WR,115,0,0,0,0,0,0,1,-2,0,0,64,862,6,0,0,0,125.3
"Willie Snead, NO",WR,114,1,1,50,1,0,0,0,0,0,0,72,895,4,0,0,0,103.3
"Sterling Shepard, NYG",WR,114,0,0,0,0,0,0,3,31,0,0,65,683,8,0,0,0,155.2
"Pierre Garcon, Was",WR,113,0,0,0,0,0,0,0,0,0,0,79,"1,041",3,0,0,0,113.4
"DeAndre Hopkins, Hou",WR,112,0,0,0,0,0,0,0,0,0,0,78,954,4,0,0,0,112.8
"Cameron Meredith, Chi",WR,111,1,1,2,1,0,0,1,6,0,0,66,888,4,0,2,0,123.8
"Marvin Jones, Det",WR,110,0,0,0,0,0,0,1,3,0,0,55,930,4,0,0,0,104.2
"Steve Smith, Bal",WR,107,0,0,0,0,0,0,0,0,0,0,70,799,5,2,0,0,115.7
"Quincy Enunwa, NYJ",WR,105,0,0,0,0,0,0,1,12,0,0,58,857,4,0,0,0,108.5
"Cole Beasley, Dal",WR,105,1,0,0,0,0,0,1,7,0,0,75,833,5,0,0,0,115.8
"Marqise Lee, Jax",WR,104,1,1,20,1,0,0,6,35,0,0,63,851,3,0,1,0,119.8
"Stefon Diggs, Min",WR,103,0,0,0,0,0,0,3,10,0,0,84,903,3,0,0,0,75.8
"J.J. Nelson, Ari",WR,99,0,0,0,0,0,0,4,83,1,0,34,568,6,0,1,0,108.7
"Anquan Boldin, Det",WR,99,0,0,0,0,0,0,0,0,0,0,67,584,8,0,0,0,129
"Dontrelle Inman, SD",WR,98,0,0,0,0,0,0,0,0,0,0,58,810,4,0,0,0,81.9
"Taylor Gabriel, Atl",WR,98,0,0,0,0,0,0,4,51,1,0,35,579,6,0,0,0,122.3
"Ted Ginn Jr., Car",WR,97,0,0,0,0,0,0,14,98,0,0,54,752,4,0,2,0,108.2
"DeVante Parker, Mia",WR,92,0,0,0,0,0,0,0,0,0,0,56,744,4,0,0,0,104.4
"Jordan Matthews, Phi",WR,91,0,0,0,0,0,0,0,0,0,0,73,804,3,0,0,0,96.8
"Brandon Marshall, NYJ",WR,89,0,0,0,0,0,0,0,0,0,0,59,788,3,0,0,0,100.1
"Alshon Jeffery, Chi",WR,89,0,0,0,0,0,0,0,0,0,0,52,821,2,0,0,0,46.8
"Ty Montgomery, GB",WR,88,0,0,0,0,0,0,77,457,3,0,44,348,0,0,1,0,131.7
"Chris Hogan, NE",WR,85,0,0,0,0,0,0,3,9,0,0,38,680,4,0,1,0,90.2
"Mohamed Sanu, Atl",WR,84,0,0,0,0,0,0,1,5,0,0,59,653,4,1,1,0,85.5
"Randall Cobb, GB",WR,83,0,0,0,0,0,0,10,33,0,0,60,610,4,0,0,0,95
"Travis Benjamin, SD",WR,82,1,0,0,0,0,0,2,-3,0,0,47,677,4,0,3,0,74.6
"Tavon Austin, LA",WR,79,0,0,0,0,0,0,28,159,1,0,58,509,3,0,1,0,106.6
"Jeremy Kerley, SF",WR,78,0,0,0,0,0,0,0,0,0,0,64,667,3,0,1,0,77.4
"Terrance Williams, Dal",WR,77,0,0,0,0,0,0,0,0,0,0,44,594,4,0,1,0,83.7
"Tyler Lockett, Sea",WR,75,0,0,0,0,0,0,6,114,1,0,41,597,1,0,0,0,72.2
"Michael Floyd, Ari",WR,73,0,0,0,0,0,0,0,0,0,0,37,488,5,0,0,0,89.4
"Eli Rogers, Pit",WR,72,0,0,0,0,0,0,1,6,0,0,48,594,3,0,0,0,82.1
"Will Fuller, Hou",WR,70,0,0,0,0,0,0,1,-3,0,0,47,635,2,0,0,0,42.4
"Donte Moncrief, Ind",WR,69,0,0,0,0,0,0,1,-1,0,0,30,307,7,0,0,0,100.6
"Robby Anderson, NYJ",WR,69,0,0,0,0,0,0,3,42,0,0,42,587,2,0,1,0,72.6
"Brian Quick, LA",WR,68,0,0,0,0,0,0,0,0,0,0,41,564,3,0,0,0,80.2
"Adam Humphries, TB",WR,68,0,0,0,0,0,0,5,18,0,0,55,622,2,1,0,0,53.5
"Seth Roberts, Oak",WR,66,0,0,0,0,0,0,0,0,0,0,38,397,5,2,0,0,91.3
"Robert Woods, Buf",WR,63,0,0,0,0,0,0,1,6,0,0,51,613,1,0,0,0,56.5
"Breshad Perriman, Bal",WR,63,0,0,0,0,0,0,1,2,0,0,33,499,3,0,0,0,78.5
"Tyler Boyd, Cin",WR,62,0,0,0,0,0,0,4,58,0,0,54,603,1,0,1,0,59.5
"Allen Hurns, Jax",WR,61,0,0,0,0,0,0,0,0,0,0,35,477,3,0,0,0,71.6
"Jeremy Maclin, KC",WR,60,1,0,0,0,0,0,1,-1,0,0,44,536,2,0,0,0,63.6
"John Brown, Ari",WR,60,0,0,0,0,0,0,1,10,0,0,39,517,2,0,0,0,53.1
"Malcolm Mitchell, NE",WR,59,0,0,0,0,0,0,0,0,0,0,32,401,4,0,0,0,76.8
"Phillip Dorsett, Ind",WR,59,0,0,0,0,0,0,2,10,0,0,33,528,2,0,0,0,71.6
"Victor Cruz, NYG",WR,58,0,0,0,0,0,0,0,0,0,0,39,586,1,0,1,0,58.2
"Tajae Sharpe, Ten",WR,57,0,0,0,0,0,0,1,1,0,0,41,522,2,0,0,0,53.7
"Kendall Wright, Ten",WR,56,0,0,0,0,0,0,1,15,0,0,29,416,3,0,0,0,62.6
"Marquise Goodwin, Buf",WR,56,0,0,0,0,0,0,0,0,0,0,29,431,3,0,0,0,55.1
"Devin Funchess, Car",WR,55,0,0,0,0,0,0,0,0,0,0,23,371,4,1,0,0,65.3
"Corey Coleman, Cle",WR,54,0,0,0,0,0,0,2,10,0,0,33,413,3,0,0,0,62
"Sammy Watkins, Buf",WR,53,0,0,0,0,0,0,0,0,0,0,28,430,2,0,0,0,55.5
"Sammie Coates, Pit",WR,52,0,0,0,0,0,0,4,14,0,0,21,435,2,0,0,0,58.7
"Cordarrelle Patterson, Min",WR,50,0,0,0,0,0,0,7,43,0,0,52,453,2,0,0,0,67.3
"Jermaine Kearse, Sea",WR,49,0,0,0,0,0,0,0,0,0,0,41,510,1,0,0,0,42.9
"Eddie Royal, Chi",WR,47,0,0,0,0,0,0,0,0,0,0,33,369,2,0,0,0,39.9
"Albert Wilson, KC",WR,46,0,0,0,0,0,0,2,50,1,0,31,279,2,0,0,0,76
"Chris Conley, KC",WR,46,0,0,0,0,0,0,0,0,0,0,44,530,0,0,0,0,39.2
"Dorial Green-Beckham, Phi",WR,45,0,0,0,0,0,0,0,0,0,0,36,392,2,0,0,0,48.5
"Nelson Agholor, Phi",WR,45,0,0,0,0,0,0,5,14,0,0,36,365,2,1,0,0,45.8
"Andrew Hawkins, Cle",WR,44,0,0,0,0,0,0,2,0,0,0,33,324,3,0,0,0,42.3
"Danny Amendola, NE",WR,43,0,0,0,0,0,0,0,0,0,0,23,243,4,0,1,0,50.7
"Torrey Smith, SF",WR,40,0,0,0,0,0,0,0,0,0,0,20,267,3,0,0,0,52.1
"Russell Shepard, TB",WR,40,0,0,0,0,0,0,1,9,0,0,23,341,2,0,0,0,45.2
"Aldrick Robinson, Atl",WR,39,0,0,0,0,0,0,0,0,0,0,20,323,2,0,0,0,30.9
"Justin Hunter, Buf",WR,39,0,0,0,0,0,0,0,0,0,0,10,189,4,0,0,0,44.3
"Justin Hardy, Atl",WR,39,0,0,0,0,0,0,0,0,0,0,21,203,4,0,0,0,24
